title,channel,category,views,likes,comments,publishedAt,date
Эх… классно наверное быть нормальным… #shorts #анимация #сумасшедший #zakatoon #animation,ZAKATOON,Film & Animation,69638,9247,142,2025-01-31T13:50:44Z,2025-02-01
Как мы готовимся ко Дню рождения Ники?,"Привет, Я Ника!",People & Blogs,429206,20343,1036,2025-01-31T12:45:10Z,2025-02-01
НАС ОБМАНУЛ ПОДПИСЧИК 😡,HOOOTDOGS,Entertainment,105768,4431,30,2025-01-31T11:43:57Z,2025-02-01
Great idea: bushcraft mini-Burner for survival #lifehacks #survival #camping,Kirill Multitool,People & Blogs,2657567,106879,88,2025-01-27T07:44:30Z,2025-02-01
ПУШКИ И МАСЛО. БЕСЕДА С ИГОРЕМ ЛИПСИЦЕМ @Igor.Lipsits1950,ФЕЙГИН LIVE,News & Politics,285850,28035,426,2025-01-31T19:52:01Z,2025-02-01
Чикаго - город гангстеров и нелегалов. Как выжить в самом опасном районе/ В США со Стасом Натанзоном,Погнали!,Travel & Events,226759,6644,1054,2025-01-31T08:00:06Z,2025-02-01
НОЧЬ В ЛЕСУ БЕЗ ПАЛАТКИ - НОЧЕВКА У КОСТРА,FROST,Entertainment,165727,10959,925,2025-01-31T11:46:26Z,2025-02-01
Котенок с сюрпризом,Новостной Гусь,News & Politics,1390813,101898,685,2025-01-31T12:00:09Z,2025-02-01
Girlsss❤️ #tiktok #elsarca,Elsa Arca,People & Blogs,4340729,309770,2585,2025-01-29T09:56:38Z,2025-02-01
Unique Hammer Handle Making Tips and Tricks that Work Extremely well #shorts #diy #tips #tools,Tips Workshop,Howto & Style,1384449,24642,157,2025-01-29T05:00:04Z,2025-02-01
Чаро оилаи тоҷикро дар Русия қаллоб бароварданд?,Аsia-Plus TV,Entertainment,59016,403,292,2025-01-31T13:44:04Z,2025-02-01
"Биологическая мать ищет пропавшую дочь, которую отдала когда-то",Agatha Christie,People & Blogs,127285,6170,1578,2025-01-31T09:00:06Z,2025-02-01
"157 бригада посыпалась: повторение ротации ВСУ в Угледаре! | Антон Черный, Фельдман | Альфа",ALPHA MEDIA,News & Politics,136732,2554,962,2025-01-31T13:00:06Z,2025-02-01
Ceazy Wife&Husband 😂😂 Tom&Jerry 😂 End Twist 😂 #shorts,Asha unni,Entertainment,42676845,691698,750,2025-01-25T09:50:56Z,2025-02-01
Роботы муравьев могут начать вводить через иглу!,Лютая физика | Олимпиадная физика,Education,869831,35220,488,2025-01-30T17:25:15Z,2025-02-01
Хороший конкурс на корпоратив,Новостной Гусь,News & Politics,1086305,50414,384,2025-01-31T08:01:00Z,2025-02-01
Решил оплатить шаурму переводом,КЕРЯ,People & Blogs,1940732,98787,568,2025-01-29T13:09:13Z,2025-02-01
Чем завтракают пацаны?,Оля Кекс,Entertainment,241599,11509,253,2025-01-28T07:30:35Z,2025-02-01
Who made the right mask for playing squid,Саид Диас,Entertainment,140732,17289,58,2025-01-31T16:25:24Z,2025-02-01
"КОРОЧЕ ГОВОРЯ, ИГРА В КАЛЬМАРА В РЕАЛЬНОЙ ЖИЗНИ 2",OneTwo,Entertainment,672403,25865,1379,2025-01-30T14:55:10Z,2025-02-01
"Трамп отменяет гранты, варианты мира, Сигма Бой против всех. Слезы Селены Гомес. Разбор новостей",Осторожно: Собчак,People & Blogs,322631,6163,1304,2025-01-31T06:00:05Z,2025-02-01
Turning An Egg Into A Bouncy Ball,Mark Rober,Science & Technology,10641321,604428,750,2025-01-30T16:22:44Z,2025-02-01
"Отель в шалаше: БЕЗ воды, БЕЗ Wi-Fi, БЕЗ электричества!",808,Travel & Events,139131,6188,568,2025-01-31T11:07:26Z,2025-02-01
Sprunki Pink vs Blue Emoji Mukbang,MOOMOO STUDIO [무무 스튜디오],Film & Animation,4029686,104511,253,2025-01-28T00:08:25Z,2025-02-01
Что мы НЕ отправим бабушке 😂,Alexandra Posnova,People & Blogs,139538,6568,67,2025-01-30T15:38:25Z,2025-02-01
«Большая прожарка» Джигана | Новогодний выпуск,LABELCOM,Entertainment,285464,5193,671,2025-01-31T07:00:33Z,2025-02-01
Кого Первым ИСКЛЮЧАТ из ШКОЛЫ !,A4,Entertainment,1455947,45030,4903,2025-01-31T12:05:22Z,2025-02-01
А мама говорила идти на танцы,Cadrol&Fatich,Entertainment,310001,19877,113,2025-01-31T14:53:42Z,2025-02-01
Кровавый лидер #сталин #китай #мао,Послезавтра,Entertainment,579078,28558,1385,2025-01-31T15:15:08Z,2025-02-01
Бискас до того как был известен 😤 | WICSUR #shorts,Бискас,Gaming,819462,53933,1160,2025-01-31T10:00:16Z,2025-02-01
"РАБСТВО. Правда, о которой не принято говорить | ФАЙБ",Файб,People & Blogs,488776,21493,2828,2025-01-31T09:00:12Z,2025-02-01
УЛЬТРА ТЮНИНГ НИВЫ ЗА КОПЕЙКИ!,ФОРСАЖ,Autos & Vehicles,197468,15530,1044,2025-01-31T20:30:02Z,2025-02-01
"""Девушка на ""Ауди"". Ксения КАТОРГИНА",Анна Ханна,People & Blogs,296756,23443,5003,2025-01-31T14:02:37Z,2025-02-01
ПОППИ ПЛЕЙТАЙМ 4 это САМАЯ СТРАШНАЯ ЧАСТЬ #1 - Poppy Playtime Chapter 4,windy31,Entertainment,1216360,78516,6774,2025-01-30T19:05:15Z,2025-02-01
🔥Пожар в Москве: сотни людей эвакуируют. Кровавая резня в поезде на Адлер / Вот Так. Кратко,ВОТ ТАК,News & Politics,678082,8906,1539,2025-01-31T11:55:21Z,2025-02-01
Ты ЗАОРЕШЬ в ПОППИ ПЛЕЙТАЙМ 4 от ЯРНАБИ #2 - Poppy Playtime Chapter 4,windy31,Entertainment,755765,51478,3340,2025-01-31T06:00:25Z,2025-02-01
"🤣 Фоткались с Ламборгини за $350.000, но подошёл ""хозяин"" машины! | Новостничок",НОВОСТНИЧОК,Comedy,3943717,161132,527,2025-01-29T20:24:51Z,2025-02-01
КАК НА ФОТО #shorts,Ekaterina Kawaicat,People & Blogs,167120,6473,40,2025-01-31T14:00:40Z,2025-02-01
В Украине взяли в плен военных из Татарстана и Башкортостана #война,Idel.Реалии,News & Politics,45500,1929,432,2025-01-31T15:31:16Z,2025-02-01
딱지치기🐙🤣Squid Game #funny #shorts @LeeEdenLee,Byungari 병아리언니 ,People & Blogs,6909834,169629,318,2025-01-25T10:48:00Z,2025-02-01
Скрежет - ТРЕШ ОБЗОР на фильм,Better Voice,Entertainment,191878,16702,902,2025-01-31T13:59:47Z,2025-02-01
would you eat this? #shorts,Zach Choi ASMR,People & Blogs,2899711,194574,642,2025-01-31T02:30:03Z,2025-02-01
Steve and Seong Gi hun 😵✨️ #realistic #minecraft #squidgame,Realistic editing,Entertainment,1355531,68473,721,2025-01-25T22:06:07Z,2025-02-01
ПЕРЕДАЮ ТЕЛЕФОН ЧЕЛОВЕКУ… #янгер #shorts,ЯНГЕР,People & Blogs,183975,7337,146,2025-01-31T13:29:36Z,2025-02-01
"СГОРЕВШАЯ BMW M4: проект, который должен был провалиться…",Мастерская Синдиката,Autos & Vehicles,1084339,49495,2112,2025-01-30T19:58:15Z,2025-02-01
КИССИ Вернулась в Поппи Плейтайм 4 #3 - Poppy Playtime Chapter 4,windy31,Entertainment,683512,47936,4528,2025-01-31T10:00:29Z,2025-02-01
Тойота за 75тр. Оживление РЕАЛЬНОГО мертвеца!,ИЛЬДАР АВТО-ПОДБОР,Autos & Vehicles,1532606,64391,9603,2025-01-30T13:00:20Z,2025-02-01
Who remembers how this trend goes?  🤔 #Olympics #Sports #Curling #Attenzione,Olympics,Sports,3109227,114374,1154,2025-01-26T13:01:03Z,2025-02-01
ВОТ ТЕБЕ И ПИЦЦА :) #standoff2,kazashka,Gaming,121672,4567,111,2025-01-30T11:00:12Z,2025-02-01
"Не заводи брата, пока не посмотришь это видео! (Анимация)",Найс,Film & Animation,155902,17361,964,2025-01-31T18:48:40Z,2025-02-01
I have magic 😄 Funny Moment 🤣,boxtoxtv,Comedy,2171827,28233,30,2025-01-29T11:06:55Z,2025-02-02
Day 1 | IEM Katowice 2025 Group Stage | 🎙КРИВОЙ ЭФИР,SL4M & Counter-Strike ,Gaming,226911,6715,11,2025-02-01T20:15:56Z,2025-02-02
Игра в Калмэра 2. И ВИДЕО НОВОЕ ПОСМОТРИТЕ НА КАНАЛЕ,МЯТНАЯ ФАНТА,Entertainment,178508,6121,67,2025-02-01T13:21:13Z,2025-02-02
УЛЬТРА ТЮНИНГ НИВЫ ЗА КОПЕЙКИ!,ФОРСАЖ,Autos & Vehicles,372177,23420,1519,2025-01-31T20:30:02Z,2025-02-02
О чем он только думал? | @sn1p3r90,Лехины Шорты,Gaming,61856,3854,64,2025-02-01T13:45:04Z,2025-02-02
"ПРОФЕССИЯ  (смешное видео, юмор, приколы, поржать)",Натурал Альбертович,Comedy,1035024,111329,2366,2025-02-01T14:00:06Z,2025-02-02
"РАБСТВО. Правда, о которой не принято говорить | ФАЙБ",Файб,People & Blogs,686400,26719,3530,2025-01-31T09:00:12Z,2025-02-02
Unique Hammer Handle Making Tips and Tricks that Work Extremely well #shorts #diy #tips #tools,Tips Workshop,Howto & Style,5506041,108087,392,2025-01-29T05:00:04Z,2025-02-02
Неудачный день для игры,Новостной Гусь,News & Politics,682808,34951,680,2025-02-01T10:00:48Z,2025-02-02
Арахнофобы будут в восторге,Новостной Гусь,News & Politics,738653,40162,1138,2025-02-01T09:00:32Z,2025-02-02
Great idea: bushcraft mini-Burner for survival #lifehacks #survival #camping,Kirill Multitool,People & Blogs,4765199,183970,123,2025-01-27T07:44:30Z,2025-02-02
Cat 🐈‍⬛😂,Nadir Show,Comedy,1194753,13933,7,2025-02-01T15:07:10Z,2025-02-02
ДОКТОР УБИТ... (ты не поверишь как) Поппи Плейтайм 4 #6 - Poppy Playtime Chapter 4,windy31,Entertainment,658551,45402,5092,2025-02-01T13:01:05Z,2025-02-02
КАК НА ФОТО #shorts,Ekaterina Kawaicat,People & Blogs,239373,8791,58,2025-01-31T14:00:40Z,2025-02-02
"""Девушка на ""Ауди"". Ксения КАТОРГИНА",Анна Ханна,People & Blogs,379020,26114,5745,2025-01-31T14:02:37Z,2025-02-02
"🤣 Фоткались с Ламборгини за $350.000, но подошёл ""хозяин"" машины! | Новостничок",НОВОСТНИЧОК,Comedy,5038351,200397,684,2025-01-29T20:24:51Z,2025-02-02
ВСЕ УМЕРЛИ?! Поппи Плейтайм 4 #5 - Poppy Playtime Chapter 4,windy31,Entertainment,753057,46699,4840,2025-02-01T07:00:03Z,2025-02-02
딱지치기🐙🤣Squid Game #funny #shorts @LeeEdenLee,Byungari 병아리언니 ,People & Blogs,8940179,214364,451,2025-01-25T10:48:00Z,2025-02-02
🔥Пожар в Москве: сотни людей эвакуируют. Кровавая резня в поезде на Адлер / Вот Так. Кратко,ВОТ ТАК,News & Politics,734988,9207,1593,2025-01-31T11:55:21Z,2025-02-02
💥 СЛУХИ О КАБАЕВОЙ ЗАПУСТИЛИ СПЕЦСЛУЖБЫ! ЧТО СКРЫВАЕТ ПУТИН?,Утро Февраля,News & Politics,52400,1803,482,2025-01-31T12:00:06Z,2025-02-02
Sprunki Pink vs Blue Emoji Mukbang,MOOMOO STUDIO [무무 스튜디오],Film & Animation,6614594,160660,355,2025-01-28T00:08:25Z,2025-02-02
ГОРДЕЙ УНИЧТОЖАЕТ НОВУЮ BMW M5,Дима Гордей,Autos & Vehicles,89065,2520,98,2025-02-01T10:32:43Z,2025-02-02
НЕ СПРАШИВАЙТЕ МЕНЯ БОЛЬШЕ ПРО САШУ!,ДЕРЕВЕНСКИЙ ДНЕВНИК ОЧЕНЬ МНОГОДЕТНОЙ МАМЫ,People & Blogs,175694,1528,89,2025-02-01T18:37:41Z,2025-02-02
Who remembers how this trend goes?  🤔 #Olympics #Sports #Curling #Attenzione,Olympics,Sports,5766199,212939,1994,2025-01-26T13:01:03Z,2025-02-02
В Украине взяли в плен военных из Татарстана и Башкортостана #война,Idel.Реалии,News & Politics,118370,3108,793,2025-01-31T15:31:16Z,2025-02-02
Что ЕСЛИ ВЕРНУТЬ ДОЛГ во время ПРЕСЛЕДОВАНИЯ? #gtasanandreas #gta #gtasa #гта #arizonarp #romero,ROMERO,Gaming,154685,6397,15,2025-01-31T13:16:17Z,2025-02-02
ВЕНГАЛБИ СЖИГАЕТ АВТОПАРК ТАМАЕВА! 500 МЛН В ОГНЕ!,Асхаб Тамаев,People & Blogs,2479596,73587,18716,2025-02-01T11:01:16Z,2025-02-02
Земля в Ледниковый период #земля #история #карты,Послезавтра,Entertainment,194338,10560,106,2025-02-02T06:00:02Z,2025-02-02
Шлеменко - ЧЕСТНО о поражении Шары Буллета,Александр Лютиков,Sports,104550,1866,861,2025-02-01T21:38:55Z,2025-02-02
У Украины «нет шансов». ВСУ в Курской области. Могут ли США переломить ход конфликта? / Ширяев,RTVI Новости,News & Politics,195876,3568,1913,2025-02-01T15:00:49Z,2025-02-02
Карманный компьютер с Windows 11,Wylsacom,Science & Technology,306608,9585,504,2025-02-01T13:23:59Z,2025-02-02
Вилка хвастается Варе! Часть 2 #shorts,Настя AmyMyr,Entertainment,363264,16054,122,2025-02-01T07:30:12Z,2025-02-02
✅Эверест на ЭЛЕКТРО-ВЕЛОСИПЕДАХ ⚡️Экспедиция на Вершину Мира,KREOSAN ,Science & Technology,184370,7628,1312,2025-02-01T07:45:11Z,2025-02-02
Сестра плохому не научит 😃,Viki Show,Entertainment,500544,32712,787,2025-02-01T07:00:40Z,2025-02-02
Астероид Илона Маска приблизился к Земле!,Лютая физика | Олимпиадная физика,Education,299717,12930,91,2025-02-01T16:00:03Z,2025-02-02
Что скрывает Гарри Поттер и Орден Феникса (5),Cut The Crap,Film & Animation,138100,7292,516,2025-02-01T19:11:02Z,2025-02-02
"СМЕРТЕЛЬНАЯ ИГРА в Майнкрафт [Buckshot Roulette] + Фикс, Кабан, Лололошка",Юни,Gaming,250802,19297,1236,2025-02-01T11:32:39Z,2025-02-02
Кровавый лидер #сталин #китай #мао,Послезавтра,Entertainment,1097871,48454,2229,2025-01-31T15:15:08Z,2025-02-02
Transformez l'heure des repas 🍼✨ Gadget magique de la cuillère d'alimentation ! #drôle #parentalité,Two More French,Howto & Style,4528715,52948,31,2025-01-31T14:00:28Z,2025-02-02
POVЫ Репортеры 🧑📸,Valera Ghosther,Gaming,282244,29480,1603,2025-02-01T15:57:31Z,2025-02-02
А мама говорила идти на танцы,Cadrol&Fatich,Entertainment,458345,27198,154,2025-01-31T14:53:42Z,2025-02-02
#makeup #makeupshorts #makeuptutorial #shortsvideo #makeupartist #makeupreview #trend,باتو مارديني | Bato Mardini,People & Blogs,256892,10052,113,2025-02-01T13:01:11Z,2025-02-02
Покупка Итальянского Завода | Маргулан Сейсембаев,МАРГУЛАН СЕЙСЕМБАЕВ SHORTS,Education,71841,2894,84,2025-02-01T08:39:02Z,2025-02-02
Три в ряд #boardgames #настольныеигры #games #игры #настолки #настольные_игры,Двое играют | Наташа и Вова,Entertainment,504478,18779,35,2025-02-01T13:02:34Z,2025-02-02
Israel Adesanya vs. Nassourdine Imavov - TKO FullFight Highlights,LORD NANA,Gaming,1013845,13191,2541,2025-02-01T19:51:06Z,2025-02-02
Будет ли новая валюта БРИКС?,Простая экономика,Education,112625,4328,310,2025-02-01T10:00:48Z,2025-02-02
Mini Brands,BersReview,Howto & Style,69299,5236,17,2025-02-01T13:15:04Z,2025-02-02
Капитан Америка из ЛЕГО! Lego Самоделка #shorts,Конопатый Ёжик,Entertainment,1010092,18019,71,2025-02-01T08:42:07Z,2025-02-02
Кого Первым ИСКЛЮЧАТ из ШКОЛЫ !,A4,Entertainment,2022446,54297,5476,2025-01-31T12:05:22Z,2025-02-02
"[ОПЕЧАТКИ] Готовлю ТРИ дня! Шедевр! Теперь и на продажу можно печь, и для подарков! Печенье ЛЮБИМОЕ",Кухня наизнанку,People & Blogs,32809,3988,195,2025-02-02T05:45:00Z,2025-02-02
ХАГГИ ВАГГИ ВЕРНУЛСЯ! - Концовка Поппи Плейтайм 4 #7 - Poppy Playtime Chapter 4,windy31,Entertainment,853675,56679,8098,2025-02-02T10:45:58Z,2025-02-03
Вилка хвастается Варе! Часть 3 #shorts,Настя AmyMyr,Entertainment,102320,4781,62,2025-02-02T07:30:18Z,2025-02-03
ДРАКА с ПАШЕЙ! Я СОРВАЛ ему СВАДЬБУ! Все закончилось... Расул переобулся!!! (серия 41),GERASEV,Entertainment,488673,19561,2077,2025-02-02T09:00:06Z,2025-02-03
0% Respect Moments + HIM,DamianFootball,People & Blogs,3119999,96908,153,2025-01-27T18:10:26Z,2025-02-03
67th GRAMMY Awards Premiere Ceremony,Recording Academy / GRAMMYs,Music,4067391,59707,1226,2025-02-03T00:39:35Z,2025-02-03
LIVE: Team Vitality vs FaZe - IEM Katowice 2025,ESL Counter-Strike,Gaming,1221523,11192,53,2025-02-02T22:34:21Z,2025-02-03
Что скрывает Гарри Поттер и Орден Феникса (5),Cut The Crap,Film & Animation,268804,11277,697,2025-02-01T19:11:02Z,2025-02-03
Шлеменко - ЧЕСТНО о поражении Шары Буллета,Александр Лютиков,Sports,175606,2570,1157,2025-02-01T21:38:55Z,2025-02-03
У Украины «нет шансов». ВСУ в Курской области. Могут ли США переломить ход конфликта? / Ширяев,RTVI Новости,News & Politics,318017,5154,2834,2025-02-01T15:00:49Z,2025-02-03
Купил ЗАКРЫТЫЙ КОНТЕЙНЕР на Аукционе и нашел ИГРОВОЙ АВТОМАТ!,Антон ЛАВ Лазарев,Entertainment,127144,6645,643,2025-02-02T08:00:42Z,2025-02-03
Земля в Ледниковый период #земля #история #карты,Послезавтра,Entertainment,528426,21121,237,2025-02-02T06:00:02Z,2025-02-03
С Максимом Шевченко. Зигзаги Трампа. Охота на Чубайса. 02.02.25,Максим Шевченко,News & Politics,178158,4863,717,2025-02-02T18:11:11Z,2025-02-03
#makeup #makeupshorts #makeuptutorial #shortsvideo #makeupartist #makeupreview #trend,باتو مارديني | Bato Mardini,People & Blogs,899934,25961,254,2025-02-01T13:01:11Z,2025-02-03
Могли бы и побольше заплатить за крупногабаритный груз,Новостной Гусь,News & Politics,517462,28137,431,2025-02-02T11:15:03Z,2025-02-03
"[ОПЕЧАТКИ] Готовлю ТРИ дня! Шедевр! Теперь и на продажу можно печь, и для подарков! Печенье ЛЮБИМОЕ",Кухня наизнанку,People & Blogs,99228,7744,345,2025-02-02T05:45:00Z,2025-02-03
"СМЕРТЕЛЬНАЯ ИГРА в Майнкрафт [Buckshot Roulette] + Фикс, Кабан, Лололошка",Юни,Gaming,382528,25664,1537,2025-02-01T11:32:39Z,2025-02-03
Вилка хвастается Варе! Часть 2 #shorts,Настя AmyMyr,Entertainment,460885,19728,116,2025-02-01T07:30:12Z,2025-02-03
Капитан Америка из ЛЕГО! Lego Самоделка #shorts,Конопатый Ёжик,Entertainment,1902277,32501,132,2025-02-01T08:42:07Z,2025-02-03
Редакция. News: 154-я неделя,Редакция,People & Blogs,1100536,26584,2590,2025-02-02T07:19:26Z,2025-02-03
POVЫ Репортеры 🧑📸,Valera Ghosther,Gaming,401932,36629,1774,2025-02-01T15:57:31Z,2025-02-03
Transformez l'heure des repas 🍼✨ Gadget magique de la cuillère d'alimentation ! #drôle #parentalité,Two More French,Howto & Style,6750157,77657,64,2025-01-31T14:00:28Z,2025-02-03
БАТЯ И ПОДАРОК НА ДЕНЬ РОЖДЕНИЯ😂#shortsvideos,BATEK_OFFICIAL,Comedy,853225,59423,935,2025-02-02T13:30:26Z,2025-02-03
"Электрички больше не в тренде - проблемы с зарядкой, низкий запас хода, неликвид на вторичке.",Перегонщик,Film & Animation,122503,4867,942,2025-02-02T05:01:02Z,2025-02-03
Карманный компьютер с Windows 11,Wylsacom,Science & Technology,509528,17303,807,2025-02-01T13:23:59Z,2025-02-03
"Не умеешь готовить? Ага, поверили…. #рецепт #рецепты #еда #кулинария #cooking #food #простыерецепты",oblomoff,Entertainment,125223,6035,386,2025-02-02T15:15:34Z,2025-02-03
Что губит цивилизации? Ужасная ошибка землян. Профессор РАН и доктор наук Дмитрий Вибе,Подкаст Глеба Соломина,People & Blogs,140453,3445,883,2025-02-02T11:34:55Z,2025-02-03
День рождения пошел не по плану 😰,Miracle,People & Blogs,289565,8147,303,2025-02-02T07:05:23Z,2025-02-03
МОЖНО ПОТЕРЯТЬ СЛУХ НА КОНЦЕРТЕ СИГМА БОЯ? #янгер #shorts,ЯНГЕР,People & Blogs,352547,14447,107,2025-02-02T18:06:57Z,2025-02-03
притворился дедом и проверил шаурмечные на человечность ч10,ABRACADABRA TV,Unknown,180918,6855,215,2025-02-02T16:39:39Z,2025-02-03
"СОТРУДНИК ИЗДЕВАЕТСЯ НАД ПОКУПАТЕЛЯМИ, УГP0ЖAET И СМЕЕТСЯ? 10 ЧАСОВ В МАГАЗИНЕ! ИЗЪЯЛИ НА 200 000руб",ARTEM WOLF,Entertainment,641824,25372,6196,2025-02-02T08:00:15Z,2025-02-03
900 ДНЕЙ БЕЗ ЕДЫ - ЭКОСИСТЕМА В ЗАКРЫТОМ ТЕРРАРИУМЕ I ПОСЛЕДНЕЕ  ВИДЕО,SlivkiShow,Entertainment,596683,32979,1776,2025-02-02T17:09:17Z,2025-02-03
Mama moment,КЕРЯ,People & Blogs,207440,7908,227,2025-02-02T08:20:05Z,2025-02-03
спидран по ютуб шортс 107 | Амёба поедающая мозг,i11ushenka,People & Blogs,1642990,84232,656,2025-02-02T12:17:45Z,2025-02-03
ВЕНГАЛБИ СЖИГАЕТ АВТОПАРК ТАМАЕВА! 500 МЛН В ОГНЕ!,Асхаб Тамаев,People & Blogs,3088495,82112,20932,2025-02-01T11:01:16Z,2025-02-03
ДВУХГОЛОВЫЙ ГУСЬ,БЛОПТОП,Entertainment,533692,21852,281,2025-02-02T08:44:36Z,2025-02-03
"НА ПОИСКИ ЗОЛОТА! РАЗБИЛ ЛАГЕРЬ. ПАЛАТКА, БЫТ. | СТРОЮ СТРАТЕГИЧЕСКИЙ МОСТ | ЖИЗНЬ В ДИКОЙ ТАЙГЕ!",Всё из за Метало Копа,Travel & Events,255643,21029,4472,2025-02-02T14:26:52Z,2025-02-03
😰Я Прокачал ОРУЖИЕ На МАКСИМУМ в Майнкрафт!,FixPlay - Майнкрафт,Gaming,135573,8376,646,2025-02-02T12:04:50Z,2025-02-03
Дал покататься на машине,Новостной Гусь,News & Politics,268127,20840,522,2025-02-03T08:00:22Z,2025-02-03
"HIGHLIGHTS | Arsenal vs Manchester City (5-1) | Odegaard, Partey, Lewis-Skelly, Havertz, Nwaneri",Arsenal,Sports,2004970,46532,2809,2025-02-02T22:00:06Z,2025-02-03
What's Behind This Football Player's Jaw-Dropping Skills?,LOL 2,Gaming,622918,16996,85,2025-01-31T18:00:06Z,2025-02-03
Sprunki Incredibox . Майнкрафт color match - вот это поворот !,Фани Хани,Film & Animation,140499,5944,4,2025-02-02T08:29:05Z,2025-02-03
ОВР Шоу: Злой курьер @TNT_television,ТНТ,Comedy,248497,4270,295,2025-02-02T08:00:19Z,2025-02-03
New Colour Match Puzzle Challenge - Incredibox Sprunki,Music Playground,Gaming,851235,21082,13,2025-02-02T16:39:29Z,2025-02-03
"Урок тем, кто решит ВЫЙТИ против БОКСЁРА на его ТЕРРИТОРИИ🥊🔥 #shorts",BalcevMMA_BOXING,Sports,204342,7123,312,2025-02-02T17:01:01Z,2025-02-03
ИРП Беларуси! 85.7% СУПА! Качество поражает!,Видео от SoLiD'a,Entertainment,219000,15532,1376,2025-02-02T12:46:27Z,2025-02-03
МОНЕСИ ПРОТИВ НИКО! G2 - Falcons IEM Katowice 2025,РАЙЗ,Gaming,170660,12267,548,2025-02-03T05:43:37Z,2025-02-03
中国功夫：拔刀术练成了！Chinese Kung Fu: The sword-drawing technique has been mastered!,豪弟,People & Blogs,591340,15007,70,2025-01-17T08:00:15Z,2025-02-03
Что это если не жиза ? 🥲 #юмор #отношения,Кирюнчик,Comedy,82085,4208,126,2025-02-02T11:06:04Z,2025-02-03
Day 2 | IEM Katowice 2025 Group Stage | 🎙КРИВОЙ ЭФИР,SL4M & Counter-Strike ,Gaming,285028,6810,5,2025-02-02T22:10:13Z,2025-02-03
Mini Brands,BersReview,Howto & Style,107751,7421,30,2025-02-01T13:15:04Z,2025-02-03
На ТАКОЙ ПОСТУПОК способен только человек с по-настоящему ДОБРЫМ СЕРДЦЕМ #shorts,BalcevMMA_BOXING,Sports,579857,22642,548,2025-02-03T17:28:59Z,2025-02-04
Горы Бесплатной пиццы,Тимур Сидельников,People & Blogs,1039519,48727,510,2025-02-03T10:54:00Z,2025-02-04
Живу 24 Часа Как Дональд Трамп #трамп #челлендж #серый #24часа,Sergio Nee,Sports,144274,7602,148,2025-02-03T14:14:43Z,2025-02-04
Feeling someone’s watching you👩🏻‍💻 #VictoriaPfeifer,Victoria Pfeifer,Comedy,2707583,197976,1217,2025-01-30T19:07:00Z,2025-02-04
МОЖНО ПОТЕРЯТЬ СЛУХ НА КОНЦЕРТЕ СИГМА БОЯ? #янгер #shorts,ЯНГЕР,People & Blogs,772737,26489,170,2025-02-02T18:06:57Z,2025-02-04
Drink Matching Game #игры #games #funnygames #умныеигры #matching #игрыдлякомпании #challenge,Двое играют | Наташа и Вова,Entertainment,837193,24119,47,2025-02-03T10:29:37Z,2025-02-04
Day 3 | IEM Katowice 2025 Group Stage | 🎙КРИВОЙ ЭФИР,SL4M & Counter-Strike ,Gaming,394505,11190,8,2025-02-03T22:57:02Z,2025-02-04
DID YOU EXPECT THOSE DANCE MOVES? 🤣 #shorts,Joe Albanese,Entertainment,1657330,62153,500,2025-02-02T00:00:31Z,2025-02-04
притворился дедом и проверил шаурмечные на человечность ч10,ABRACADABRA TV,Unknown,483691,15724,474,2025-02-02T16:39:39Z,2025-02-04
У Этого ПАУКА Есть Собственный ПИТОМЕЦ! #shorts,Bubble™,Entertainment,346465,19266,210,2025-02-03T14:30:00Z,2025-02-04
Что купить в магазине,ЛогикЛаб #2,People & Blogs,170506,22013,149,2025-02-03T11:42:40Z,2025-02-04
"КУДА угодно, но в РОССИЮ я не ВЕРНУСЬ  🛑 РОСАРМІЄЦЬ з Курщини ПРОЗРІВ У ПОЛОНІ ЗСУ",Факти ICTV,News & Politics,228208,6080,614,2025-02-03T16:46:15Z,2025-02-04
Коварный выезд из гаража. Мотаем пробег на BMW.,Миша Яковлев Кировск,Autos & Vehicles,145157,4787,631,2025-02-03T10:37:04Z,2025-02-04
Ronaldo Brace! | Al Nassr (KSA) - Al Wasl FC (UAE) | Highlights | AFC Champions League Elite™,The AFC Hub,Sports,895692,27351,1859,2025-02-03T23:00:30Z,2025-02-04
Хаги Ваги в 5 ГЛАВЕ!? Эта КОНЦОВКА меняет ВСЮ ИГРУ | Poppy Playtime,Shonax,Gaming,82780,3005,429,2025-02-03T14:30:06Z,2025-02-04
"GRAMMY 2025: Гага и Айлиш В СЛЕЗАХ, БЕЙОНСЕ, Сharli XCX, сюрприз от The Weeknd и др.! (полный обзор)",РАМУЗЫКА,Entertainment,112936,5428,808,2025-02-03T11:28:34Z,2025-02-04
900 ДНЕЙ БЕЗ ЕДЫ - ЭКОСИСТЕМА В ЗАКРЫТОМ ТЕРРАРИУМЕ I ПОСЛЕДНЕЕ  ВИДЕО,SlivkiShow,Entertainment,914058,41987,2099,2025-02-02T17:09:17Z,2025-02-04
What's Behind This Football Player's Jaw-Dropping Skills?,LOL 2,Gaming,1325046,41464,235,2025-01-31T18:00:06Z,2025-02-04
Кто угнал тачку?,Новостной Гусь,News & Politics,670331,35958,489,2025-02-03T12:00:22Z,2025-02-04
"КОММУНАЛЬНАЯ СЛУЖБА (смешное видео, приколы, юмор, поржать)",Натурал Альбертович,Comedy,999007,88655,2002,2025-02-03T13:00:20Z,2025-02-04
ИДЕАЛЬНЫЕ ДНИ ДЛЯ ПОСЕВА СЛАДКОГО ПЕРЦА В 2025 ГОДУ!,Урожайный огород,People & Blogs,37780,1366,30,2025-02-03T15:00:16Z,2025-02-04
"СОТРУДНИК ИЗДЕВАЕТСЯ НАД ПОКУПАТЕЛЯМИ, УГP0ЖAET И СМЕЕТСЯ? 10 ЧАСОВ В МАГАЗИНЕ! ИЗЪЯЛИ НА 200 000руб",ARTEM WOLF,Entertainment,844074,29725,7430,2025-02-02T08:00:15Z,2025-02-04
Купил LADA AURAYBACH,Wylsacom,Science & Technology,186502,6005,978,2025-02-03T17:26:33Z,2025-02-04
New Colour Match Puzzle Challenge - Incredibox Sprunki,Music Playground,Gaming,2284644,54557,44,2025-02-02T16:39:29Z,2025-02-04
"Не умеешь готовить? Ага, поверили…. #рецепт #рецепты #еда #кулинария #cooking #food #простыерецепты",oblomoff,Entertainment,278622,13003,677,2025-02-02T15:15:34Z,2025-02-04
Дал покататься на машине,Новостной Гусь,News & Politics,740409,39634,822,2025-02-03T08:00:22Z,2025-02-04
DOTA 2 - АККАУНТ НА ПРОКАЧКУ #1,Di ray,Gaming,194953,21289,2031,2025-02-03T13:23:35Z,2025-02-04
IEM Katowice 2025 - Day 6 - Stream A,ESL Counter-Strike,Gaming,1276786,12891,45,2025-02-03T23:17:19Z,2025-02-04
Что это если не жиза ? 🥲 #юмор #отношения,Кирюнчик,Comedy,169123,7426,200,2025-02-02T11:06:04Z,2025-02-04
ДВУХГОЛОВЫЙ ГУСЬ,БЛОПТОП,Entertainment,701743,28748,310,2025-02-02T08:44:36Z,2025-02-04
"НА ПОИСКИ ЗОЛОТА! РАЗБИЛ ЛАГЕРЬ. ПАЛАТКА, БЫТ. | СТРОЮ СТРАТЕГИЧЕСКИЙ МОСТ | ЖИЗНЬ В ДИКОЙ ТАЙГЕ!",Всё из за Метало Копа,Travel & Events,339432,24992,5376,2025-02-02T14:26:52Z,2025-02-04
спидран по ютуб шортс 107 | Амёба поедающая мозг,i11ushenka,People & Blogs,2266072,112000,825,2025-02-02T12:17:45Z,2025-02-04
"Понимаю, что это практически невозможно, но если внимательно присмотреться…",Никита Нестеров ,Comedy,199850,9229,464,2025-02-03T15:01:06Z,2025-02-04
ВЕНГАЛБИ СЖИГАЕТ АВТОПАРК ТАМАЕВА! 500 МЛН В ОГНЕ!,Асхаб Тамаев,People & Blogs,3305528,84940,21637,2025-02-01T11:01:16Z,2025-02-04
中国功夫：拔刀术练成了！Chinese Kung Fu: The sword-drawing technique has been mastered!,豪弟,People & Blogs,747130,20589,83,2025-01-17T08:00:15Z,2025-02-04
Lp. Точка Невозврата #12 ИСТОРИЯ ПРОШЛОГО [Мир Архей]• Майнкрафт,MrLololoshka (Роман Фильченков),Gaming,811606,70202,5371,2025-02-03T12:00:10Z,2025-02-04
Deha 18. Bölüm,Deha,Entertainment,1536824,27440,2452,2025-02-02T20:40:05Z,2025-02-04
Арестович: Каким может быть худший сценарий для Украины? Сбор для военных👇,Alexey Arestovych,News & Politics,453537,15897,1332,2025-02-03T21:05:56Z,2025-02-04
"HIGHLIGHTS | Arsenal vs Manchester City (5-1) | Odegaard, Partey, Lewis-Skelly, Havertz, Nwaneri",Arsenal,Sports,3009842,58481,3394,2025-02-02T22:00:06Z,2025-02-04
"Cool Items!🥰 New Gadgets, Smart Appliances, ✨Kitchen Tools Utensils, Home Cleaning, Beauty #shorts",Cool Items Official,Howto & Style,6460347,66070,66,2025-02-03T09:00:37Z,2025-02-04
"Идеальная жизнь рухнула за одну ночь! // Детектив Платовой ""Там, где не бывает снега"", 1-2 серии",СЕРИАЛЫ. КОЛЛЕКЦИЯ РАЗНЫХ ЖАНРОВ,Film & Animation,275434,1088,88,2025-02-02T14:30:00Z,2025-02-04
Sprunki Incredibox . Майнкрафт color match - вот это поворот !,Фани Хани,Film & Animation,226114,8703,8,2025-02-02T08:29:05Z,2025-02-04
Day 2 | IEM Katowice 2025 Group Stage | 🎙КРИВОЙ ЭФИР,SL4M & Counter-Strike ,Gaming,289439,6829,9,2025-02-02T22:10:13Z,2025-02-04
Пол царства за баночку паштета. Вода и Еда. Славный Обзор.,oblomoff,Entertainment,113548,5286,544,2025-02-03T12:19:26Z,2025-02-04
Трамп продавит Путина? Когда закончится война?,Михаил Ходорковский,News & Politics,322157,13504,1913,2025-02-03T05:59:02Z,2025-02-04
ИРП Беларуси! 85.7% СУПА! Качество поражает!,Видео от SoLiD'a,Entertainment,290051,18824,1552,2025-02-02T12:46:27Z,2025-02-04
Что губит цивилизации? Ужасная ошибка землян. Профессор РАН и доктор наук Дмитрий Вибе,Подкаст Глеба Соломина,People & Blogs,199350,4543,1167,2025-02-02T11:34:55Z,2025-02-04
😰Я Прокачал ОРУЖИЕ На МАКСИМУМ в Майнкрафт!,FixPlay - Майнкрафт,Gaming,179495,9834,735,2025-02-02T12:04:50Z,2025-02-04
Карманный компьютер с Windows 11,Wylsacom,Science & Technology,737975,24618,1082,2025-02-01T13:23:59Z,2025-02-04
В Москве взорвали главу батальона «Арбат». Набиуллину вызовут на допрос. Сбой сайта Мос.ру,Телеканал Дождь,News & Politics,494166,10430,1315,2025-02-03T12:30:46Z,2025-02-04
Виселица Hangman #boardgames #настольныеигры #games #игры #настолки #настольные_игры,Двое играют | Наташа и Вова,Entertainment,1397614,48861,131,2025-02-04T15:16:01Z,2025-02-05
1%🪫vs 100%🔋,Аришнев,People & Blogs,1212896,54449,219,2025-02-04T13:00:03Z,2025-02-05
На ТАКОЙ ПОСТУПОК способен только человек с по-настоящему ДОБРЫМ СЕРДЦЕМ #shorts,BalcevMMA_BOXING,Sports,2818575,97032,1889,2025-02-03T17:28:59Z,2025-02-05
Горы Бесплатной пиццы,Тимур Сидельников,People & Blogs,3290215,155908,1687,2025-02-03T10:54:00Z,2025-02-05
Ицык Цыпер – первое интервью с автором «Дымка» / вДудь,вДудь,People & Blogs,879826,21734,9021,2025-02-04T07:19:02Z,2025-02-05
“Хусури Ман 20” - качество оригинал 4К. Официально!,Zamonavi Media,Film & Animation,490040,13299,2478,2025-02-05T04:00:06Z,2025-02-05
Необычный румтур 🤭 #сашаспилберг,Sasha Spilberg,People & Blogs,205525,13431,158,2025-02-04T12:02:59Z,2025-02-05
"Как грузин обдурил СССР на десятки миллионов, используя хитрую схему",Россия 90х,Entertainment,321164,3432,843,2025-02-05T00:05:15Z,2025-02-05
РЫБАЛКА ХИЩНИКА НА ЖЕРЛИЦЫ. ТАЕЖНАЯ ИЗБА СТАЛА УЮТНЕЕ ПОСЛЕ ЭТОГО.,-ТАЁЖНЫЙ-,Entertainment,308415,25191,1952,2025-02-04T16:52:11Z,2025-02-05
Feeling someone’s watching you👩🏻‍💻 #VictoriaPfeifer,Victoria Pfeifer,Comedy,7398236,397757,2206,2025-01-30T19:07:00Z,2025-02-05
Drink Matching Game #игры #games #funnygames #умныеигры #matching #игрыдлякомпании #challenge,Двое играют | Наташа и Вова,Entertainment,2839550,77685,81,2025-02-03T10:29:37Z,2025-02-05
"Битва батарей! Samsung S25 Ultra против iPhone 16 Pro Max, S24 и других Android",Rozetked,Science & Technology,118183,7992,1640,2025-02-05T05:00:15Z,2025-02-05
DID YOU EXPECT THOSE DANCE MOVES? 🤣 #shorts,Joe Albanese,Entertainment,6130215,209479,1415,2025-02-02T00:00:31Z,2025-02-05
Так выглядит настоящая любовь,Новостной Гусь,News & Politics,384930,33387,312,2025-02-05T09:00:12Z,2025-02-05
притворился дедом и проверил шаурмечные на человечность ч11,ABRACADABRA TV,Unknown,125047,5946,230,2025-02-04T15:38:44Z,2025-02-05
These guys are so close to real Power Armor 😰 #fallout #powerarmor #engineering,Hacksmith Industries,Science & Technology,3567297,140740,1635,2025-02-01T17:00:42Z,2025-02-05
Куда делись яйца в США ? И чем теперь завтракать?,АМЕРИКА Наизнанку,People & Blogs,69002,5355,1786,2025-02-05T04:00:38Z,2025-02-05
Day 4 | IEM Katowice 2025 Group Stage | 🎙КРИВОЙ ЭФИР,SL4M & Counter-Strike ,Gaming,404336,10369,4,2025-02-04T21:13:20Z,2025-02-05
SHE CAME BACK LIKE NOTHING HAPPENED! 🤣 #shorts,Joe Albanese,Entertainment,6088118,232763,885,2025-01-30T18:00:53Z,2025-02-05
Живу 24 Часа Как Дональд Трамп #трамп #челлендж #серый #24часа,Sergio Nee,Sports,747038,38370,327,2025-02-03T14:14:43Z,2025-02-05
Лево или Право? АНИМАЦИЯ,Timonqi,Gaming,217774,12675,122,2025-02-03T13:01:12Z,2025-02-05
I Got Diabetes…💔 (Giant Chocolates ASMR),Spizee,Entertainment,6256912,163517,1123,2025-02-03T15:01:31Z,2025-02-05
The Fantastic Four: First Steps | Official Teaser | Only in Theaters July 25,Marvel Entertainment,Entertainment,19544629,743075,51499,2025-02-04T13:09:30Z,2025-02-05
НОВАЯ ЛУЧШАЯ РПГ ➤ Kingdom Come: Deliverance 2 II ◉ Прохождение 1,TheGideonGames,Gaming,100450,3320,138,2025-02-04T21:00:26Z,2025-02-05
How Harley Quinn got out#Harley Quinn #joker,Harley Quinn with the Joker,People & Blogs,5919024,127182,66,2025-02-03T11:30:42Z,2025-02-05
А вы попробуйте меня догнать,Новостной Гусь,News & Politics,1336475,51495,668,2025-02-04T12:30:03Z,2025-02-05
DOEY Theme Song - Poppy Playtime CH4,Black Gryph0n,Music,932756,36012,255,2025-02-04T00:10:10Z,2025-02-05
ЗЕНИТ — ЦСКА: обзор матча и серия ПЕНАЛЬТИ,ЗЕНИТ,Sports,92696,856,225,2025-02-04T19:41:22Z,2025-02-05
Who is that baby | CHANG DORY | ometv,Chang Dory,Entertainment,10302655,350827,1272,2025-02-01T11:20:30Z,2025-02-05
"БЛЮДО степных народов ""БЕШБАРМАК"". ENG SUB",GEORGY KAVKAZ,Entertainment,370665,16446,2146,2025-02-04T09:00:07Z,2025-02-05
Копы дуреют от этой прикормки,Новостной Гусь,News & Politics,1232042,62801,1107,2025-02-04T11:01:14Z,2025-02-05
ФАНТАСТИЧЕСКАЯ ЧЕТВЕРКА ТРЕЙЛЕР РЕАКЦИЯ И РАЗБОР,Qewbite,Film & Animation,169110,14524,1057,2025-02-04T15:07:59Z,2025-02-05
МОЕГО ПУПСИКА УДАРИЛИ😱 И КРАЛИ ЕГО КОТЕЙКУ😾! #robloxshorts #roblox #brookhaven,Dubrovsky Play,Gaming,778999,103599,5873,2025-02-04T14:31:17Z,2025-02-05
БИТВА БЛОГЕРОВ 2025 – ГЛАВНАЯ НОВОСТЬ,LeBwa,Gaming,76714,2782,77,2025-02-05T00:08:54Z,2025-02-05
НАШЕЛ ТАЛАНТ НА УЛИЦЕ #кино #спб #юмор #актриса #вау,KURUCHBRO,Comedy,83547,3027,144,2025-02-04T08:31:21Z,2025-02-05
ВИРУСНЫЕ ВИДЕО / Самый умный кот 😅,Светлый Voice,People & Blogs,96081,4560,14,2025-02-04T10:20:00Z,2025-02-05
【徐々にヲタ芸になっていく】全部やっちゃう人 #slave #wotagei #zerouchirestart #ヲタ芸,ゼロから打ち師始めます。,Entertainment,1096557,74679,126,2025-02-02T12:00:25Z,2025-02-05
Так ЗАКАНЧИВАЮТСЯ крысиные игры! #shorts,БЕЗУМНЫЙ СПОРТ,Sports,49934,1181,23,2025-02-05T06:00:36Z,2025-02-05
Игрок 456 на самом деле БАНКРОТ? (Игра в Кальмара),Звездный Капитан,Entertainment,131120,5891,477,2025-02-04T12:01:14Z,2025-02-05
как обнять себя на фото?  #туториал,Maryana Lokel,Music,753538,42089,273,2025-02-04T14:06:18Z,2025-02-05
IEM Katowice 2025 - Day 7 - Stream A,ESL Counter-Strike,Gaming,1259527,11476,43,2025-02-04T21:50:38Z,2025-02-05
"БОЕВОЙ ДУХ (смешное видео, юмор, приколы, поржать, смех)",Натурал Альбертович,Comedy,1185802,105557,1501,2025-02-04T13:01:10Z,2025-02-05
New Colour Match Puzzle Challenge With Squid Game 2 - Incredibox Sprunki,Music Playground,Gaming,5012911,204010,131,2025-02-03T16:19:29Z,2025-02-05
Рита Дакота - Sat Nam | Премьера клипа,Рита Дакота,Music,158278,2719,745,2025-02-04T12:09:13Z,2025-02-05
в какой цвет покраситься?!  #шортс #тикток,Maryana Lokel,Music,875916,97220,1067,2025-02-04T09:51:57Z,2025-02-05
мифы о здоровье💊 в какой верили до этого видео? #медицина #здоровье #питание,Максим Кузнецов,Science & Technology,253263,17449,1077,2025-02-04T15:01:11Z,2025-02-05
День Рождения Мамы Самвела ! Надежда Наготовила На Целую Свадьбу! Гости В Восторге,GRANDENIKO VLOG,People & Blogs,104451,2355,1977,2025-02-04T16:36:32Z,2025-02-05
Он живёт внутри часов #амитеш #амстердам,Amitesh,Entertainment,448009,15116,114,2025-02-04T13:56:26Z,2025-02-05
Перчатка ч.2 | WICSUR #shorts,Бискас,Gaming,740586,49176,783,2025-02-04T11:00:42Z,2025-02-05
"Cool Items!🥰 New Gadgets, Smart Appliances, Kitchen Tools Utensils, Home Cleaning, Beauty #shorts",Cool Items Official,Howto & Style,11011736,139591,87,2025-02-04T11:01:11Z,2025-02-05
САМОЕ ПОЛЕЗНОЕ МАТЕМАТИЧЕСКОЕ УРАВНЕНИЕ #Shorts #Глент,ГЛЕНТ,Gaming,1083125,33409,180,2025-02-05T13:01:08Z,2025-02-06
1%🪫vs 100%🔋,Аришнев,People & Blogs,1865187,78850,301,2025-02-04T13:00:03Z,2025-02-06
"Купили редкий вездеход, но есть нюансы...",Combat Crew,Autos & Vehicles,450218,25086,1961,2025-02-05T11:55:05Z,2025-02-06
"""Россияне, как страусы, головы в песок позасовывали"" #война #фронт #Украина",Радио Свобода,News & Politics,404105,15888,706,2025-02-05T11:24:58Z,2025-02-06
"спидран по ютуб шортс 108 | Муж, парень и Эля",i11ushenka,People & Blogs,1577790,74544,632,2025-02-05T13:51:10Z,2025-02-06
НОВОЕ ДЕНЕЖНОЕ МЫЛО! СМОГЛИ РАЗБОГАТЕТЬ?,Дюшес Team,People & Blogs,217481,18267,754,2025-02-05T17:14:57Z,2025-02-06
На ТАКОЙ ПОСТУПОК способен только человек с по-настоящему ДОБРЫМ СЕРДЦЕМ #shorts,BalcevMMA_BOXING,Sports,4215344,134334,2391,2025-02-03T17:28:59Z,2025-02-06
“Хусури Ман 20” - качество оригинал 4К. Официально!,Zamonavi Media,Film & Animation,1354079,27100,5025,2025-02-05T04:00:06Z,2025-02-06
Горы Бесплатной пиццы,Тимур Сидельников,People & Blogs,5224753,228387,2361,2025-02-03T10:54:00Z,2025-02-06
Squid game,Giuseppe Barbuto,Entertainment,7002052,74371,174,2025-01-30T18:30:17Z,2025-02-06
WE TRIED TO DO IT IN DOUBLE SPEED! 🤣 #shorts,Joe Albanese,Entertainment,1213693,45543,335,2025-02-03T00:00:19Z,2025-02-06
Виселица Hangman #boardgames #настольныеигры #games #игры #настолки #настольные_игры,Двое играют | Наташа и Вова,Entertainment,2298633,73242,164,2025-02-04T15:16:01Z,2025-02-06
How Strong is Glass? 💪,Brianna,Entertainment,10217137,193542,208,2025-01-31T21:00:18Z,2025-02-06
Необычный румтур 🤭 #сашаспилберг,Sasha Spilberg,People & Blogs,373861,22523,225,2025-02-04T12:02:59Z,2025-02-06
БЕЗНАКАЗАННЫЙ ТРЕШ-САЛОН ХАМИТ КЛИЕНТУ 😰/ Треш-обзор салона красоты в Москве,MOLOTOWA,People & Blogs,140286,3198,1468,2025-02-05T10:59:16Z,2025-02-06
"Как грузин обдурил СССР на десятки миллионов, используя хитрую схему",Россия 90х,Entertainment,730470,6029,1409,2025-02-05T00:05:15Z,2025-02-06
Heart Drawing Challenge (Poppy Playtime),FASH,Film & Animation,1020648,41372,199,2025-02-05T12:00:40Z,2025-02-06
Overtime Drama In Cup-Madness | Bayer 04 Leverkusen vs. 1. FC Köln 3-2 | HL | DFB-Pokal Quarterfinal,German Football,Sports,706664,16192,486,2025-02-06T00:06:19Z,2025-02-06
SHE CAME BACK LIKE NOTHING HAPPENED! 🤣 #shorts,Joe Albanese,Entertainment,11220413,404655,1635,2025-01-30T18:00:53Z,2025-02-06
Ицык Цыпер – первое интервью с автором «Дымка» / вДудь,вДудь,People & Blogs,1125715,25035,10497,2025-02-04T07:19:02Z,2025-02-06
притворился дедом и проверил шаурмечные на человечность ч11,ABRACADABRA TV,Unknown,373780,14276,490,2025-02-04T15:38:44Z,2025-02-06
ЗВОНИТЕ САНИТАРАМ | Маркарян - ВСЁ / СУМАСШЕДШИЙ Последователь Косенко / МНОГОЖЕНЕЦ Заигрался,ЮТУБНАЯ,People & Blogs,153645,5096,857,2025-02-05T10:30:08Z,2025-02-06
👹 6 МИНУТ НАЗАД! ОККУПАНТЫ ОТСТУПАЮТ! ВСУ СТЁРЛИ В ПЫЛЬ ШТУРМОВУЮ ГРУППУ РОССИЯН!,ТОЛЬКО ЧТО ,Autos & Vehicles,164865,4944,548,2025-02-05T13:55:25Z,2025-02-06
Великолепный соус к курице #shorts,oblomoff,Entertainment,182486,7770,89,2025-02-05T11:13:06Z,2025-02-06
ЭТОТ БЭБИ-ГАРГАНТЮА ПРОСТО ПРЕЛЕСТЬ! / SUBNAUTICA,IGRARIUM - Игровые обзоры,Gaming,177146,10832,215,2025-02-05T12:00:09Z,2025-02-06
Feeling someone’s watching you👩🏻‍💻 #VictoriaPfeifer,Victoria Pfeifer,Comedy,11410011,554140,2736,2025-01-30T19:07:00Z,2025-02-06
DID YOU EXPECT THOSE DANCE MOVES? 🤣 #shorts,Joe Albanese,Entertainment,10439159,332185,2241,2025-02-02T00:00:31Z,2025-02-06
Так выглядит настоящая любовь,Новостной Гусь,News & Politics,1069252,66572,544,2025-02-05T09:00:12Z,2025-02-06
"Битва батарей! Samsung S25 Ultra против iPhone 16 Pro Max, S24 и других Android",Rozetked,Science & Technology,392858,13273,2516,2025-02-05T05:00:15Z,2025-02-06
These guys are so close to real Power Armor 😰 #fallout #powerarmor #engineering,Hacksmith Industries,Science & Technology,6358706,246319,2336,2025-02-01T17:00:42Z,2025-02-06
Смешные реплеи #87🤣 |  Крокоидл ходит лёжа 📼,HoneyBadger - Озвучено Медоедом,Gaming,79234,6156,628,2025-02-05T09:49:43Z,2025-02-06
I Got Diabetes…💔 (Giant Chocolates ASMR),Spizee,Entertainment,11192901,277048,1706,2025-02-03T15:01:31Z,2025-02-06
Женский стендап: Мария Маркова - странные знакомства @TNT_television,ТНТ,Comedy,108710,3723,191,2025-02-05T08:00:30Z,2025-02-06
РЫБАЛКА ХИЩНИКА НА ЖЕРЛИЦЫ. ТАЕЖНАЯ ИЗБА СТАЛА УЮТНЕЕ ПОСЛЕ ЭТОГО.,-ТАЁЖНЫЙ-,Entertainment,412618,29271,2260,2025-02-04T16:52:11Z,2025-02-06
How Harley Quinn got out#Harley Quinn #joker,Harley Quinn with the Joker,People & Blogs,11775699,225625,108,2025-02-03T11:30:42Z,2025-02-06
Лево или Право? АНИМАЦИЯ,Timonqi,Gaming,559665,28069,206,2025-02-03T13:01:12Z,2025-02-06
Лечение болезни Паркинсона,Новостной Гусь,News & Politics,700330,35267,660,2025-02-05T11:00:10Z,2025-02-06
"Инфоцыгане: от марафона желаний до марафона кредитов | Маркарян, Блиновская, разоблачение",varlamov,News & Politics,905644,18118,5955,2025-02-05T10:01:10Z,2025-02-06
Так ЗАКАНЧИВАЮТСЯ крысиные игры! #shorts,БЕЗУМНЫЙ СПОРТ,Sports,493582,10470,128,2025-02-05T06:00:36Z,2025-02-06
Куда делись яйца в США ? И чем теперь завтракать?,АМЕРИКА Наизнанку,People & Blogs,116602,7770,2352,2025-02-05T04:00:38Z,2025-02-06
정확하게 멈추기⁉️😱 4sec challenge,팀일루션 노성율,Sports,651334,42659,75,2025-02-05T13:01:16Z,2025-02-06
Живу 24 Часа Как Дональд Трамп #трамп #челлендж #серый #24часа,Sergio Nee,Sports,1197910,62072,420,2025-02-03T14:14:43Z,2025-02-06
DOEY Theme Song - Poppy Playtime CH4,Black Gryph0n,Music,2066789,72493,419,2025-02-04T00:10:10Z,2025-02-06
Who is that baby | CHANG DORY | ometv,Chang Dory,Entertainment,19320436,640161,2171,2025-02-01T11:20:30Z,2025-02-06
Drink Matching Game #игры #games #funnygames #умныеигры #matching #игрыдлякомпании #challenge,Двое играют | Наташа и Вова,Entertainment,4691637,116541,112,2025-02-03T10:29:37Z,2025-02-06
НОВАЯ ЛУЧШАЯ РПГ ➤ Kingdom Come: Deliverance 2 II ◉ Прохождение 1,TheGideonGames,Gaming,133086,3842,217,2025-02-04T21:00:26Z,2025-02-06
Вконтакте с Кремлем. Как семья Максима Каца зарабатывает на блокировке ютуба,Навальный LIVE,News & Politics,428281,13935,15049,2025-02-05T10:41:07Z,2025-02-06
The Fantastic Four: First Steps | Official Teaser | Only in Theaters July 25,Marvel Entertainment,Entertainment,22342972,786022,54740,2025-02-04T13:09:30Z,2025-02-06
А вы попробуйте меня догнать,Новостной Гусь,News & Politics,1710970,63338,801,2025-02-04T12:30:03Z,2025-02-06
ЗЕНИТ — ЦСКА: обзор матча и серия ПЕНАЛЬТИ,ЗЕНИТ,Sports,128438,1013,276,2025-02-04T19:41:22Z,2025-02-06
Провальная Акция в Seven Eleven,Тимур Сидельников,People & Blogs,264513,16489,94,2025-02-07T08:29:33Z,2025-02-07
Мем про дорожку,Max Maximov,Entertainment,1077752,53535,402,2025-02-06T08:12:13Z,2025-02-07
КОГДА БАТЯ ПОЛУЧИЛ ТРАВМУ НА РАБОТЕ😂#shorts,BATEK_OFFICIAL,Comedy,1934350,105794,1826,2025-02-06T13:25:38Z,2025-02-07
США начали войну // Скандал на Грэмми // Взрыв в Алых Парусах,Руслан Усачев,News & Politics,523436,18561,716,2025-02-06T16:07:37Z,2025-02-07
Бит с именем Ирина в игре кальмара 🦑,Оля Кекс,Entertainment,33997,1540,37,2025-02-07T08:00:29Z,2025-02-07
OUR MOM DID THE DANCE! 🤣 #shorts,Joe Albanese,Entertainment,491012,21698,111,2025-02-07T00:00:12Z,2025-02-07
Первый день отдыха в Сочах. Антон Теляков  #пранк,Склад Телякова,Comedy,44060,1627,239,2025-02-06T10:13:45Z,2025-02-07
"Сколько вам лет, столько ингредиентов вы получаете часть 8 #youtubeshorts #shorts #тикток",ТИМУР КАЛТАЕВ,People & Blogs,252213,15308,140,2025-01-27T16:56:44Z,2025-02-07
САМОЕ ПОЛЕЗНОЕ МАТЕМАТИЧЕСКОЕ УРАВНЕНИЕ #Shorts #Глент,ГЛЕНТ,Gaming,1683301,53302,289,2025-02-05T13:01:08Z,2025-02-07
Ялымов VS Сушист — ЗАРУБА. Раха VS Тарасов. КИПИШ Корейца и Чабанова! Чёрный Чеченец VS Ушу-Мастер,HFC MMA,Sports,276944,3510,784,2025-02-06T10:14:46Z,2025-02-07
Заводской капот от ягуара против смывки краски😷,Авант СТО Life,Autos & Vehicles,78177,1275,29,2025-02-04T22:26:35Z,2025-02-07
НАСТОЯЩИЙ ЯПОНЕЦ* НА ГАРАНТИИ* SUZUKI S-CROSS,AcademeG DailyStream,Pets & Animals,198986,7683,1299,2025-02-06T14:52:17Z,2025-02-07
"Бетонный АД Питера: Рай для кошелька или Бездна для жизни? | Россия, СПб, новостройки",varlamov moments,Travel & Events,168465,3726,1922,2025-02-06T10:00:57Z,2025-02-07
"Трамп, доллар и нефть: Экономист Игорь Липсиц о том, что ждет экономику России и Казахстана?",Арманжан Байтасов,People & Blogs,79410,3843,491,2025-02-06T15:41:13Z,2025-02-07
"❗️ПОШЕЛ НА СВО, ЧТОБЫ ПОПАСТЬ В ЛСР / КАК ВСУ МЕНЯЕТ РОССИЯН / ИНТЕРВЬЮ ЗОЛКИНА С ЛСР",Volodymyr Zolkin,Unknown,208748,16650,1457,2025-02-06T17:30:01Z,2025-02-07
The HARDEST Object In Your House...,Mark Rober,Science & Technology,7658407,447251,1430,2025-02-06T16:00:09Z,2025-02-07
GOOD RANDOMS - My Only Trophy (Official Music Video),Brawl Stars,Gaming,5673543,223424,14309,2025-02-06T09:00:19Z,2025-02-07
"Я В ИГРЕ В КАЛЬМАРА 2! ПЛАЧУ 1000 РОБУКСОВ, ЧТОБЫ ВЫИГРАТЬ!",ГЛЕНТ,Gaming,871532,31786,2588,2025-02-06T13:00:03Z,2025-02-07
"Жених унизил невесту, приказав почистить ему ботинки на глазах у всех гостей. Но то, что произошло..",Дым Коромыслом,Entertainment,58793,1792,212,2025-02-06T07:00:32Z,2025-02-07
TEAM SPIRIT: IEM KATOWICE 2025. VLOG 1,Team Spirit CS,Gaming,108216,6327,522,2025-02-06T17:01:32Z,2025-02-07
"На Земле начинается то, к чему многие не готовы: поле изменилось до неузнаваемости! Михаил Агеев",Хранители Знаний,People & Blogs,129521,6609,1157,2025-02-06T12:09:49Z,2025-02-07
"ТОКСИКИ #11 | Марат ""SQWOZ BAB"" Мингазов, Алексей Смирнов, Илья Соболев",Илья Соболев,Comedy,118394,2611,462,2025-02-06T11:01:06Z,2025-02-07
Avoid The Person Challenge 😱,Zhong,Entertainment,5491068,265497,417,2025-02-02T13:00:30Z,2025-02-07
СОЛО СТАРТ после ГЛОБАЛ ОБНОВЛЕНИЯ в РАСТ / RUST,chistobzden,Gaming,62644,3910,33,2025-02-07T00:38:59Z,2025-02-07
"COMBAT CREW, Волга на V8 и приключения",iling show,Autos & Vehicles,160047,8794,846,2025-02-06T09:32:07Z,2025-02-07
过年了，杀个年猪给大伙助个兴… #抖音动物图鉴 #萌宠出道计划 #神奇动物在抖音,汪星人陈团团,Pets & Animals,2917423,33972,191,2025-01-26T10:28:45Z,2025-02-07
Реакция жителей Сочи на туриста из глубинки. Антон Теляков #пранк,Telyakov TV,Comedy,65332,3588,1092,2025-02-06T15:30:01Z,2025-02-07
КАК ЗАСТАВИТЬ ТЕБЯ ЕХАТЬ. Амкодорщики 1.,Яковлев Миша,Autos & Vehicles,103721,4231,411,2025-02-06T11:15:18Z,2025-02-07
ФИЛ СТАЛ ВЛАДЕЛЬЦЕМ РОБЛОКСА😱Какой теперь роблокс…@kvinkashow #роблокс #игры #смешное #квинка,i_roblox_queen,Gaming,962584,161355,590,2025-02-06T14:29:11Z,2025-02-07
ГАВАНА / стоит ли жениться на кубинках - когда прилетел к ней без предупреждения  / Cuba Havana,ПЛАНЕТКА,Travel & Events,204013,8659,1896,2025-02-06T06:00:40Z,2025-02-07
С днём рождения меня 🥳,Tetya Mottya,People & Blogs,120239,2534,127,2025-02-03T21:00:42Z,2025-02-07
Приятная акция,Новостной Гусь,News & Politics,610345,40660,281,2025-02-06T14:15:05Z,2025-02-07
МАЛОЙ ОТОМСТИЛ,stunning max,Comedy,248022,14924,92,2025-02-06T14:00:03Z,2025-02-07
How Strong is Glass? 💪,Brianna,Entertainment,20191493,350057,324,2025-01-31T21:00:18Z,2025-02-07
Великолепный соус к курице #shorts,oblomoff,Entertainment,343759,13232,148,2025-02-05T11:13:06Z,2025-02-07
WE TRIED TO DO IT IN DOUBLE SPEED! 🤣 #shorts,Joe Albanese,Entertainment,2685333,95259,785,2025-02-03T00:00:19Z,2025-02-07
"Купили редкий вездеход, но есть нюансы...",Combat Crew,Autos & Vehicles,568137,28779,2224,2025-02-05T11:55:05Z,2025-02-07
УХОД СТИЛЯ И ГАЗА! АЛЕКС НЕ СМОГ СДЕРЖАТЬ ЭМОЦИЙ НА ПЕРЕГОВОРАХ С КЛУБОМ,2DROTS,Sports,204182,6808,805,2025-02-06T15:28:59Z,2025-02-07
1%🪫vs 100%🔋,Аришнев,People & Blogs,2232393,93913,356,2025-02-04T13:00:03Z,2025-02-07
НОВОЕ ДЕНЕЖНОЕ МЫЛО! СМОГЛИ РАЗБОГАТЕТЬ?,Дюшес Team,People & Blogs,350982,24511,877,2025-02-05T17:14:57Z,2025-02-07
Squid game,Giuseppe Barbuto,Entertainment,14587385,143693,282,2025-01-30T18:30:17Z,2025-02-07
Арестович: План Трампа по завершению войны в Украине. @A.Shelest,Alexey Arestovych,News & Politics,809677,21864,4134,2025-02-06T13:56:42Z,2025-02-07
"Трамп разгоняет ЦРУ, некому следить за НЛО, Зеленский просит бомбу. Ликвидация Газы. Разбор новостей",Осторожно: Собчак,People & Blogs,139697,3229,606,2025-02-07T06:44:50Z,2025-02-07
Heart Drawing Challenge (Poppy Playtime),FASH,Film & Animation,2267627,97764,460,2025-02-05T12:00:40Z,2025-02-07
"спидран по ютуб шортс 108 | Муж, парень и Эля",i11ushenka,People & Blogs,2284652,101655,853,2025-02-05T13:51:10Z,2025-02-07
"""Россияне, как страусы, головы в песок позасовывали"" #война #фронт #Украина",Радио Свобода,News & Politics,575242,18921,931,2025-02-05T11:24:58Z,2025-02-07
Так ЗАКАНЧИВАЮТСЯ крысиные игры! #shorts,БЕЗУМНЫЙ СПОРТ,Sports,1530056,30284,294,2025-02-05T06:00:36Z,2025-02-07
Lp. Точка Невозврата #14 ОСТАНОВКА ВРЕМЕНИ [Линия?] • Майнкрафт,MrLololoshka (Роман Фильченков),Gaming,803490,66726,5177,2025-02-06T12:01:08Z,2025-02-07
“Хусури Ман 20” - качество оригинал 4К. Официально!,Zamonavi Media,Film & Animation,1831338,33080,5987,2025-02-05T04:00:06Z,2025-02-07
притворился дедом и проверил шаурмечные на человечность ч11,ABRACADABRA TV,Unknown,802038,27434,844,2025-02-04T15:38:44Z,2025-02-07
Провальная Акция в Seven Eleven,Тимур Сидельников,People & Blogs,954987,40285,207,2025-02-07T08:29:33Z,2025-02-08
ЭКСТРЕМАЛЬНЫЕ ЗАДАНИЯ от ДРУЗЕЙ ! **мы больше не общаемся**,ЕГОРИК,Entertainment,461546,30287,7567,2025-02-07T15:01:20Z,2025-02-08
Мем про дорожку,Max Maximov,Entertainment,1673195,86360,561,2025-02-06T08:12:13Z,2025-02-08
Мой тг: Подвал Стинта #стинт #stint #stintik,Stintik ,Entertainment,126095,4920,90,2025-02-07T23:18:25Z,2025-02-08
How Well Would You Do? 👀,Red Bull,Sports,2437013,109687,441,2025-02-07T08:58:34Z,2025-02-08
Apple отменила еще один проект,Е́ЖИ АКСЁНОВ ,Science & Technology,170445,6966,64,2025-02-07T10:00:41Z,2025-02-08
ХАХАХА РЕБЯТА МЕНЯ БОИТСЯ СМЕЛОСТЬ?? #машмилаш,МАШ МИЛАШ,People & Blogs,91031,2677,184,2025-02-07T19:55:00Z,2025-02-08
Купил 5 ТАЧЕК НЕ ГЛЯДЯ за 500000₽! Ушёл в минус?,НИКИТОС,Autos & Vehicles,273080,12336,1021,2025-02-07T14:00:40Z,2025-02-08
so cute🥺 #edm #snowboarding,House Nation,Music,1434742,69746,246,2025-01-18T14:00:00Z,2025-02-08
"На фронте начались катастрофические последствия! | Историк, Николай Фельдман | Альфа",ALPHA MEDIA,News & Politics,184261,4233,1596,2025-02-07T13:00:06Z,2025-02-08
Day 1 | IEM Katowice 2025 Playoffs | 🎙КРИВОЙ ЭФИР,SL4M & Counter-Strike ,Gaming,325616,9299,15,2025-02-07T20:37:16Z,2025-02-08
Я - ДОЧЬ АНИМАТОРА! (Анимация),ZAKATOON,Film & Animation,559364,74845,8143,2025-02-07T11:00:03Z,2025-02-08
Handshake rating med Spånga P12A🤝 #fotboll24,Fotboll24,Sports,1986789,67785,39,2025-02-03T18:34:22Z,2025-02-08
СТАРТ БИТВЫ БЛОГЕРОВ 2025. ВСТУПАЙ В LeBwa Team! День 1,LeBwa,Gaming,255574,5660,43,2025-02-07T20:57:28Z,2025-02-08
✅Накрыла Горная Болезнь 😱 Эверест на Электро-Велосипедах ⚡️НЕРВЫ СРЫВАЕТ⚡️ ДЕШОВКА СЛОМАЛАСЬ⚡️ПСИХАН,KREOSAN ,Science & Technology,155868,6376,1757,2025-02-07T15:45:11Z,2025-02-08
БИТВА БЛОГЕРОВ 2025 - ВСТУПАЙ В ЛУЧШУЮ КОМАНДУ [ПРЯМО СЕЙЧАС],Near_You,Gaming,169723,3393,36,2025-02-07T22:13:50Z,2025-02-08
Типичная Дева 🫠🤪,Alexandra Posnova,People & Blogs,73253,3496,171,2025-02-07T13:20:39Z,2025-02-08
БИТВА БЛОГЕРОВ 2025. НУЖНЫ ВСЕ. День 1. Ночная смена,LeBwa,Gaming,66272,2639,48,2025-02-07T22:23:16Z,2025-02-08
SHARK PUPPET GETS HUGE! (GLOWUP),Shark Puppet,Entertainment,3126103,65045,305,2025-02-01T23:55:56Z,2025-02-08
СТАРТ БИТВЫ БЛОГЕРОВ 2025 — ДЕНЬ 1 ● ВСТУПАЙ В JOVE TEAM — ВМЕСТЕ ПОБЕДИМ!,Jove,Gaming,187923,3000,16,2025-02-07T23:00:27Z,2025-02-08
Исчезновение двух мальчиков. Семь лет спустя один вернулся... но совсем другим,PENGBORN,People & Blogs,106540,5681,741,2025-02-07T14:59:49Z,2025-02-08
#makeup #makeupshorts #makeuptutorial #shortvideo #makeupartist #makeupreview #trend,باتو مارديني | Bato Mardini,People & Blogs,320084,12270,227,2025-02-07T13:00:01Z,2025-02-08
Первый день отдыха в Сочах. Антон Теляков  #пранк,Склад Телякова,Comedy,157604,3767,598,2025-02-06T10:13:45Z,2025-02-08
КОГДА БАТЯ ПОЛУЧИЛ ТРАВМУ НА РАБОТЕ😂#shorts,BATEK_OFFICIAL,Comedy,2579330,133050,2136,2025-02-06T13:25:38Z,2025-02-08
تحويل راحتك: كرسي تقويم العظام من زجاجات الكوك! ♻️🔥🪑,إبداعات حرفية,Howto & Style,941448,13087,217,2025-02-04T15:01:10Z,2025-02-08
Бит с именем Ирина в игре кальмара 🦑,Оля Кекс,Entertainment,98558,4458,79,2025-02-07T08:00:29Z,2025-02-08
OUR MOM DID THE DANCE! 🤣 #shorts,Joe Albanese,Entertainment,1775300,52912,285,2025-02-07T00:00:12Z,2025-02-08
One can of ketchup for all family by Tsuriki Show,Tsuriki Show,Comedy,9902842,182081,105,2025-02-01T07:45:02Z,2025-02-08
أداة ذكية للآباء 🍼🚼,Holly Wolly Bow Arabic,Howto & Style,6837501,80866,28,2025-02-06T13:01:11Z,2025-02-08
"ВОССТАНИЕ МАШИН (смешное видео, юмор, приколы, поржать, прикол)",Натурал Альбертович,Comedy,1303381,105958,2059,2025-02-07T13:00:41Z,2025-02-08
США начали войну // Скандал на Грэмми // Взрыв в Алых Парусах,Руслан Усачев,News & Politics,663988,21780,857,2025-02-06T16:07:37Z,2025-02-08
"Наступи, а то поссоримся",ОЛЕЖЭ,Comedy,45335,2516,13,2025-02-07T15:03:02Z,2025-02-08
БАДАБУМЧИК СТАЛ ВЛАДЕЛЬЦЕМ РОБЛОКСА😱Что с роблоксом…@kvinkashow #роблокс #игры #смешное #квинка,i_roblox_queen,Gaming,822897,129624,523,2025-02-07T12:27:59Z,2025-02-08
САМОЕ ПОЛЕЗНОЕ МАТЕМАТИЧЕСКОЕ УРАВНЕНИЕ #Shorts #Глент,ГЛЕНТ,Gaming,2366268,76349,349,2025-02-05T13:01:08Z,2025-02-08
ЗЛОЙ VS ДОБРЫЙ РЕБЕНОК (АНИМАЦИЯ),Луана,People & Blogs,90018,2797,285,2025-02-07T11:00:36Z,2025-02-08
IEM Katowice 2025 - Day 8 - FULL SHOW,ESL Counter-Strike,Gaming,1336553,13309,36,2025-02-07T23:35:13Z,2025-02-08
Заводской капот от ягуара против смывки краски😷,Авант СТО Life,Autos & Vehicles,192494,2977,70,2025-02-04T22:26:35Z,2025-02-08
"Сколько вам лет, столько ингредиентов вы получаете часть 8 #youtubeshorts #shorts #тикток",ТИМУР КАЛТАЕВ,People & Blogs,353381,20678,157,2025-01-27T16:56:44Z,2025-02-08
It's the natural ones that are the most beautiful#Harley Quinn #joker,Harley Quinn with the Joker,People & Blogs,2900041,110013,55,2025-02-07T10:00:40Z,2025-02-08
Lp. Точка Невозврата #15 СЕРДЦЕ ВСЕЛЕННОЙ [Что было дальше] • Майнкрафт,MrLololoshka (Роман Фильченков),Gaming,806087,66584,4668,2025-02-07T12:00:14Z,2025-02-08
Ялымов VS Сушист — ЗАРУБА. Раха VS Тарасов. КИПИШ Корейца и Чабанова! Чёрный Чеченец VS Ушу-Мастер,HFC MMA,Sports,337166,3965,948,2025-02-06T10:14:46Z,2025-02-08
"Бетонный АД Питера: Рай для кошелька или Бездна для жизни? | Россия, СПб, новостройки",varlamov moments,Travel & Events,231413,4872,2393,2025-02-06T10:00:57Z,2025-02-08
"❗️ПОШЕЛ НА СВО, ЧТОБЫ ПОПАСТЬ В ЛСР / КАК ВСУ МЕНЯЕТ РОССИЯН / ИНТЕРВЬЮ ЗОЛКИНА С ЛСР",Volodymyr Zolkin,Unknown,300567,21804,2077,2025-02-06T17:30:01Z,2025-02-08
КТО ЛЮБИТ БЛИНЫ?? #shorts,Паша Осадчий,Entertainment,223471,8256,42,2025-02-07T11:07:01Z,2025-02-08
Шикарная семья Антона и Виктории Макарских 😍 #muzloft,MUZLOFT,Music,262487,4767,277,2025-02-07T11:45:27Z,2025-02-08
НАСТОЯЩИЙ ЯПОНЕЦ* НА ГАРАНТИИ* SUZUKI S-CROSS,AcademeG DailyStream,Pets & Animals,249030,8954,1441,2025-02-06T14:52:17Z,2025-02-08
过年了，杀个年猪给大伙助个兴… #抖音动物图鉴 #萌宠出道计划 #神奇动物在抖音,汪星人陈团团,Pets & Animals,4620523,62077,292,2025-01-26T10:28:45Z,2025-02-08
Обзор дешевую икру из Метро,Сам себе сушист,People & Blogs,79737,4208,58,2025-02-07T14:00:31Z,2025-02-08
"Жених унизил невесту, приказав почистить ему ботинки на глазах у всех гостей. Но то, что произошло..",Дым Коромыслом,Entertainment,96588,2518,354,2025-02-06T07:00:32Z,2025-02-08
"Трамп, доллар и нефть: Экономист Игорь Липсиц о том, что ждет экономику России и Казахстана?",Арманжан Байтасов,People & Blogs,103350,4494,639,2025-02-06T15:41:13Z,2025-02-08
I Spent 100 Hours Inside The Pyramids!,MrBeast,Entertainment,37771718,1926731,40772,2025-02-08T17:00:00Z,2025-02-09
ПОДРИФТИЛ С БАБУЛЕЙ #shorts,Паша Осадчий,Entertainment,657922,18610,66,2025-02-08T11:56:46Z,2025-02-09
"РАЗ НА РАЗ: SUBO vs МИНИСТЕРСТВО ПРАВДЫ / КОНФЛИКТ НА СТУДИИ, ДЕТЕКТОР ЛЖИ, АРТУРИК",Министерство Правды,People & Blogs,315630,11641,7362,2025-02-08T15:00:49Z,2025-02-09
МЛАДШАЯ ШКОЛА vs СТАРШАЯ ШКОЛА ! 🤓 5 КЛАСС VS 11 КЛАСС 😱 *ТУТ ЕСТЬ ТЫ* 😳,Руслан Гладенко,Entertainment,579470,48309,5041,2025-02-08T15:14:38Z,2025-02-09
Провальная Акция в Seven Eleven,Тимур Сидельников,People & Blogs,1605350,62249,378,2025-02-07T08:29:33Z,2025-02-09
Day 2 | IEM Katowice 2025 Playoffs | 🎙КРИВОЙ ЭФИР,SL4M & Counter-Strike ,Gaming,490605,21038,130,2025-02-08T21:03:16Z,2025-02-09
Insane COOKIE MAGIC Trick 🤯🍪 #shorts @juliet_smxll,Wian,Entertainment,757391,18440,168,2025-02-06T13:40:07Z,2025-02-09
SPLASH BALLOON,Natan por Aí,Entertainment,5481871,135901,81,2025-02-06T14:28:00Z,2025-02-09
РИСКОВАННАЯ АТАКА. НУЖНЫ ВСЕ. ББ2025. День 2. Вечер,LeBwa,Gaming,158024,3612,44,2025-02-08T23:13:49Z,2025-02-09
ХАХАХА РЕБЯТА МЕНЯ БОИТСЯ СМЕЛОСТЬ?? #машмилаш,МАШ МИЛАШ,People & Blogs,330901,8526,501,2025-02-07T19:55:00Z,2025-02-09
ПОЧЕМУ тебе будет ЖАЛКО ДОУИ? Мрачная ИСТОРИЯ РАСКРЫТА | Poppy Playtime,Shonax,Gaming,151870,4403,401,2025-02-08T15:00:06Z,2025-02-09
ПОЛУФИНАЛ! NaVi vs Spirit - IEM Katowice 2025 - ЛУЧШИЕ МОМЕНТЫ CS2 | КРИВОЙ ЭФИР,SL4M & Counter-Strike ,Gaming,93157,2526,425,2025-02-08T20:49:11Z,2025-02-09
MOST PEOPLE IN THE CITIES 🏰 #countryhumans,StateHuman,Entertainment,975905,53544,842,2025-02-08T13:00:08Z,2025-02-09
Secret to sawing daughter in half,Justin Flom,Entertainment,11016905,212387,601,2025-02-06T20:26:43Z,2025-02-09
Power of Makeup (Poppy Playtime),FASH,Film & Animation,1549306,83232,557,2025-02-08T12:00:31Z,2025-02-09
БИТВА БЛОГЕРОВ - 22:00 РИСКОВАННАЯ АТАКА [ВСЕ В ИГРУ],Near_You,Gaming,145909,3091,41,2025-02-08T23:18:27Z,2025-02-09
У МЕНЯ ЕСТЬ ДОЧЬ? СНОВА СТАЛА МАМОЙ!,Anyaischuk,Entertainment,139088,4630,348,2025-02-08T14:30:06Z,2025-02-09
Страна без коррупции. Диктатура Сингапура,Простая экономика,Education,199579,6717,920,2025-02-08T10:13:14Z,2025-02-09
Как Я Лифты ЛОМАЛ (анимация),X2DED,Film & Animation,176448,11834,1543,2025-02-08T11:00:04Z,2025-02-09
so cute🥺 #edm #snowboarding,House Nation,Music,1758491,86988,296,2025-01-18T14:00:00Z,2025-02-09
Попали бы вы во Вьетнам?,i11ushenka,People & Blogs,1015433,48473,1957,2025-02-08T10:34:44Z,2025-02-09
ЭКСТРЕМАЛЬНЫЕ ЗАДАНИЯ от ДРУЗЕЙ ! **мы больше не общаемся**,ЕГОРИК,Entertainment,773739,41636,10322,2025-02-07T15:01:20Z,2025-02-09
Handshake rating med Spånga P12A🤝 #fotboll24,Fotboll24,Sports,3171589,116433,75,2025-02-03T18:34:22Z,2025-02-09
"Фильм В тылу врага : боевик, триллер, драма (2022)",Кино Онлайн,Film & Animation,333562,1896,241,2025-02-08T09:00:52Z,2025-02-09
Мем про дорожку,Max Maximov,Entertainment,2923575,139143,1064,2025-02-06T08:12:13Z,2025-02-09
Посетитель напугал продавца в магазине. Антон Теляков  #пранк,Склад Телякова,Comedy,59616,1590,103,2025-02-08T06:07:27Z,2025-02-09
How Well Would You Do? 👀,Red Bull,Sports,6105938,266682,890,2025-02-07T08:58:34Z,2025-02-09
Экстренная остановка МРТ,Новостной Гусь,News & Politics,741603,36720,554,2025-02-08T14:30:08Z,2025-02-09
Найди девушку и получи приз!,ПОЛЬСКИЙ МАКС,Gaming,91574,1483,42,2025-02-07T07:09:00Z,2025-02-09
D3 M5 G90 Прощай любовь к М-кам,smotraTV,Autos & Vehicles,228444,7167,1079,2025-02-08T04:50:10Z,2025-02-09
Natus Vincere vs Team Spirit - IEM Katowice 2025 - Semifinal,ESL Counter-Strike,Gaming,1423024,16420,448,2025-02-08T21:31:20Z,2025-02-09
СОБИРАЕМ РОТУ ДАЛЬНЕВОСТОЧНИКОВ. Битва Блогеров. День 2,LeBwa,Gaming,160218,3744,21,2025-02-08T16:24:45Z,2025-02-09
"ИГРА НА ЖИЗНЬ в Майнкрафт [Buckshot Roulette] + Райм, Градус, Вазачка",Юни,Gaming,116313,6368,557,2025-02-08T09:01:05Z,2025-02-09
Нашла ли она пропажу?..,Новостной Гусь,News & Politics,707553,36304,355,2025-02-08T11:30:25Z,2025-02-09
БИТВА БЛОГЕРОВ 2025 — АТАКУЕМ YUSHA TEAM! ● ВСТУПАЙ В JOVE TEAM — ВМЕСТЕ ПОБЕДИМ!  ● День 2,Jove,Gaming,114509,1905,13,2025-02-08T22:08:10Z,2025-02-09
Lifehack 😄 ​⁠@Infamous_wu13 #elsarca #tiktok,Elsa Arca,People & Blogs,2427237,114962,218,2025-02-04T07:48:00Z,2025-02-09
"""ЗИНДАГИ 7"" - КАЧЕСТВО ОРГИНАЛ 4К. ОФИЦИАЛЬНО", In Dushanbe,Film & Animation,242478,3307,886,2025-02-08T05:30:08Z,2025-02-09
Tilt 'n' Shout 🦸🏻‍♂️ #boardgames #настольныеигры #games #игры #настолки #настольные_игры,Двое играют | Наташа и Вова,Entertainment,639764,15933,206,2025-02-08T09:41:56Z,2025-02-09
Купил 5 ТАЧЕК НЕ ГЛЯДЯ за 500000₽! Ушёл в минус?,НИКИТОС,Autos & Vehicles,408746,15598,1171,2025-02-07T14:00:40Z,2025-02-09
Apple отменила еще один проект,Е́ЖИ АКСЁНОВ ,Science & Technology,244238,9887,96,2025-02-07T10:00:41Z,2025-02-09
#makeup #makeupshorts #makeuptutorial #shortvideo #makeupartist #makeupreview #trend,باتو مارديني | Bato Mardini,People & Blogs,660882,23563,409,2025-02-07T13:00:01Z,2025-02-09
"На фронте начались катастрофические последствия! | Историк, Николай Фельдман | Альфа",ALPHA MEDIA,News & Politics,237412,4890,1865,2025-02-07T13:00:06Z,2025-02-09
تحويل راحتك: كرسي تقويم العظام من زجاجات الكوك! ♻️🔥🪑,إبداعات حرفية,Howto & Style,2792258,33709,789,2025-02-04T15:01:10Z,2025-02-09
Бит с именем Ирина в игре кальмара 🦑,Оля Кекс,Entertainment,317170,13271,188,2025-02-07T08:00:29Z,2025-02-09
Обзор дешевую икру из Метро,Сам себе сушист,People & Blogs,146623,6839,79,2025-02-07T14:00:31Z,2025-02-09
SHARK PUPPET GETS HUGE! (GLOWUP),Shark Puppet,Entertainment,4930154,98623,397,2025-02-01T23:55:56Z,2025-02-09
Я - ДОЧЬ АНИМАТОРА! (Анимация),ZAKATOON,Film & Animation,814822,102399,10291,2025-02-07T11:00:03Z,2025-02-09
Первый день отдыха в Сочах. Антон Теляков  #пранк,Склад Телякова,Comedy,365116,6497,960,2025-02-06T10:13:45Z,2025-02-09
✅Накрыла Горная Болезнь 😱 Эверест на Электро-Велосипедах ⚡️НЕРВЫ СРЫВАЕТ⚡️ ДЕШОВКА СЛОМАЛАСЬ⚡️ПСИХАН,KREOSAN ,Science & Technology,230778,7991,2194,2025-02-07T15:45:11Z,2025-02-09
КОГДА БАТЯ ПОЛУЧИЛ ТРАВМУ НА РАБОТЕ😂#shorts,BATEK_OFFICIAL,Comedy,3417581,165562,2442,2025-02-06T13:25:38Z,2025-02-09
Провальная Акция Кока-Колы,Тимур Сидельников,People & Blogs,548124,18456,207,2025-02-09T10:32:03Z,2025-02-10
IEM KATOWICE 2025 GRAND FINAL BO5,SL4M & Counter-Strike ,Gaming,478698,25511,164,2025-02-09T19:38:19Z,2025-02-10
"Главные мифы об Украине. Выпуск, который не понравится всем",А поговорить?,People & Blogs,590594,19281,10641,2025-02-09T08:00:57Z,2025-02-10
I Spent 100 Hours Inside The Pyramids!,MrBeast,Entertainment,60430792,2691751,52880,2025-02-08T17:00:00Z,2025-02-10
ЧТО БЫ твоя мама СЪЕЛА за 10.000$,Никита Удановский,Entertainment,374022,18122,96,2025-02-09T09:03:00Z,2025-02-10
The World's Maximum Security Prison: CECOT (The most evil are kept here),Ruhi Çenet,Education,3469410,224876,9914,2025-02-09T16:31:51Z,2025-02-10
В 18:30 РИСКОВАННАЯ АТАКА. БЫТЬ ВСЕМ! Битва блогеров. День 3,LeBwa,Gaming,213139,5155,38,2025-02-09T23:17:08Z,2025-02-10
ПОДРИФТИЛ С БАБУЛЕЙ #shorts,Паша Осадчий,Entertainment,1338373,37114,96,2025-02-08T11:56:46Z,2025-02-10
Купил Changan - попал на 2.150.000р! Что могло пойти не так?,Максим Шелков,Autos & Vehicles,192349,6792,1331,2025-02-09T13:27:00Z,2025-02-10
Insane COOKIE MAGIC Trick 🤯🍪 #shorts @juliet_smxll,Wian,Entertainment,2194950,37804,356,2025-02-06T13:40:07Z,2025-02-10
дети раньше vs дети сейчас (телефон),БЕРТ,Comedy,138729,9640,77,2025-02-09T12:54:20Z,2025-02-10
Onesie Baby Shower Cake #Shorts,Chefclub Shorts,Entertainment,699866,10617,34,2025-02-08T16:00:34Z,2025-02-10
Сколько стоит восстановить УТОПЛЕННЫЙ спорткар в 2025 году?,Чердак,Autos & Vehicles,391549,20840,1222,2025-02-09T07:00:08Z,2025-02-10
БИТВА БЛОГЕРОВ - ДЕРЖИМ ТОП-1 ПРОТИВ LEBWA TEAM [ВСЕ В ИГРУ!],Near_You,Gaming,149702,2902,52,2025-02-09T22:58:34Z,2025-02-10
AAAaah,Tik Cover,Music,245855,11211,120,2025-02-04T09:37:11Z,2025-02-10
SPLASH BALLOON,Natan por Aí,Entertainment,13233485,273082,170,2025-02-06T14:28:00Z,2025-02-10
И так сойдет!,i11ushenka,People & Blogs,1075374,42033,422,2025-02-09T12:15:04Z,2025-02-10
Elmurod Haqnazarov - Yengilmen nomli konsert dasturi 2024,Elmurod Haqnazarov,Comedy,290452,13305,2526,2025-02-09T18:16:49Z,2025-02-10
Сотрудники заведения были в шоке от этого. Антон Теляков  #пранк,Склад Телякова,Comedy,77826,1694,98,2025-02-09T07:30:27Z,2025-02-10
New Mercedes G-class,Софья Темникова,People & Blogs,217906,3420,33,2025-02-09T08:48:41Z,2025-02-10
Rusiyada azərbaycanlılara qarşı təzyiqin sifarişini kim verib?,İCTİMAİ TV,News & Politics,89732,1368,602,2025-02-09T16:45:01Z,2025-02-10
БИТВА БЛОГЕРОВ 2025 — БОРЬБА ЗА 3 МЕСТО! ● В 20:10 Рискованная Атака! ● День 3,Jove,Gaming,117390,2102,72,2025-02-09T22:36:27Z,2025-02-10
"РАЗ НА РАЗ: SUBO vs МИНИСТЕРСТВО ПРАВДЫ / КОНФЛИКТ НА СТУДИИ, ДЕТЕКТОР ЛЖИ, АРТУРИК",Министерство Правды,People & Blogs,484679,14577,9484,2025-02-08T15:00:49Z,2025-02-10
Улетели ДЕЛАТЬ детей с Настей Туман НЕСТАНДАРТНЫМ способом.,Саша Туман,Autos & Vehicles,149736,6924,1699,2025-02-09T09:54:59Z,2025-02-10
Каждый русский уже знает итальянский язык 😳 @nastyawhere,Super Italiano,People & Blogs,346515,11943,163,2025-02-08T14:27:57Z,2025-02-10
ОКАЗИЯ. НАШЛИ СПУСТЯ 7 ЛЕТ. СУДЬБА ПРОЕКТА.,AcademeG,Autos & Vehicles,599464,29354,2767,2025-02-09T11:05:10Z,2025-02-10
LIVE: Team Vitality vs. Team Spirit - IEM Katowice 2025 - Grand Final,ESL Counter-Strike,Gaming,1361791,18476,311,2025-02-09T20:10:05Z,2025-02-10
"-В диагнозе ошибка, перестаньте давать эти лекарства дочери! Шепнула вчера нанятая сиделка отцу...",Дым Коромыслом,Entertainment,84719,2479,197,2025-02-09T07:00:29Z,2025-02-10
На хуторе больше нет ни одной птицы. Большие перемены начались.,Печки лавочки,People & Blogs,147247,12146,1272,2025-02-09T12:30:43Z,2025-02-10
Самодельный спорткар уже дымит колесами и наезжает на создателя,Игорь Негода,Science & Technology,114012,10355,1249,2025-02-09T09:00:55Z,2025-02-10
ГРАМОТНЫЙ ЮРИСТ ПОСТАВИЛ БОРЗЫХ ПОЛИЦЕЙСКИХ НА МЕСТО / ПОЛИЦИЯ ЗАДЕРЖАЛА БЛОГЕРА / БЕСПРЕДЕЛ ОХРАНЫ,Anatoly Andreevich,People & Blogs,147759,6280,4108,2025-02-09T08:00:06Z,2025-02-10
МЛАДШАЯ ШКОЛА vs СТАРШАЯ ШКОЛА ! 🤓 5 КЛАСС VS 11 КЛАСС 😱 *ТУТ ЕСТЬ ТЫ* 😳,Руслан Гладенко,Entertainment,804162,57252,5604,2025-02-08T15:14:38Z,2025-02-10
HOW EMPIRES DISAPPEARED 2 ⚔️ #countryhumans,StateHuman,Entertainment,526069,27817,217,2025-02-09T13:00:58Z,2025-02-10
ТЕНИ МЮНХЕНА. БЕСЕДА СО СТАНИСЛАВ БЕЛКОВСКИЙ @BelkovskiyS,ФЕЙГИН LIVE,News & Politics,222468,18739,164,2025-02-09T19:54:19Z,2025-02-10
Книжный клуб. Глава последняя. [Приключения Тома Сойера. М. Твен],Stand-Up Club #1,Comedy,105286,4536,889,2025-02-09T08:00:47Z,2025-02-10
ПОВТОРИ ВАК МОМЕНТ - ПОЛУЧИ ГОЛДУ ft. Apollon🗿(STANDOFF 2),STKILL,Gaming,71143,4277,663,2025-02-09T10:54:05Z,2025-02-10
Провальная Акция в Seven Eleven,Тимур Сидельников,People & Blogs,2155880,81538,441,2025-02-07T08:29:33Z,2025-02-10
НУЖЕН ТОП1 В БИТВЕ БЛОГЕРОВ. День 3,LeBwa,Gaming,125952,3358,26,2025-02-09T13:40:22Z,2025-02-10
😨 Жуткое существо Следило за нами в Майнкрафт,Никита Берг,Gaming,137000,9553,1554,2025-02-09T09:30:29Z,2025-02-10
Secret to sawing daughter in half,Justin Flom,Entertainment,21734941,401336,1300,2025-02-06T20:26:43Z,2025-02-10
ХАХАХА РЕБЯТА МЕНЯ БОИТСЯ СМЕЛОСТЬ?? #машмилаш,МАШ МИЛАШ,People & Blogs,648250,13722,876,2025-02-07T19:55:00Z,2025-02-10
Разгром Под Суджей И Штурм Свердликово💥⚔️Важнейший Опорный Пункт Зачищен🎯✅Военные Сводки 9.02.2025📅📊,Военные Сводки,News & Politics,537731,12168,1381,2025-02-09T18:00:06Z,2025-02-10
Редакция. News: 155-я неделя,Редакция,People & Blogs,995043,23427,2381,2025-02-09T08:11:23Z,2025-02-10
Day 2 | IEM Katowice 2025 Playoffs | 🎙КРИВОЙ ЭФИР,SL4M & Counter-Strike ,Gaming,502546,21171,150,2025-02-08T21:03:16Z,2025-02-10
ПОЛУФИНАЛ! NaVi vs Spirit - IEM Katowice 2025 - ЛУЧШИЕ МОМЕНТЫ CS2 | КРИВОЙ ЭФИР,SL4M & Counter-Strike ,Gaming,146829,3123,413,2025-02-08T20:49:11Z,2025-02-10
ПОЧЕМУ тебе будет ЖАЛКО ДОУИ? Мрачная ИСТОРИЯ РАСКРЫТА | Poppy Playtime,Shonax,Gaming,225762,5840,508,2025-02-08T15:00:06Z,2025-02-10
"ОБЗОР UFC 312 | ВСЕ БОИ | Дрикус Дю Плесси, Шон Стрикланд, Вейли Жанг, Татьяна Суарез",Дикий бой,Sports,113644,1887,212,2025-02-09T06:54:55Z,2025-02-10
MOST PEOPLE IN THE CITIES 🏰 #countryhumans,StateHuman,Entertainment,1427230,77790,1204,2025-02-08T13:00:08Z,2025-02-10
Power of Makeup (Poppy Playtime),FASH,Film & Animation,2639540,140437,906,2025-02-08T12:00:31Z,2025-02-10
РИСКОВАННАЯ АТАКА. НУЖНЫ ВСЕ. ББ2025. День 2. Вечер,LeBwa,Gaming,159523,3625,74,2025-02-08T23:13:49Z,2025-02-10
